{"_wandb":{"runtime":1433},"avg_loss":0.1933706287370999,"learning_rate":0.001,"batch":8771,"epoch":20,"_timestamp":1.7487851201268609e+09,"batch_loss":0.23428761959075928,"_runtime":1433.565474853,"_step":899}