{"epoch_average_loss":9.004939105353214,"_wandb":{"runtime":647},"batch_idx":143,"_timestamp":1.7487800846375215e+09,"_runtime":644.600029543,"_step":1022,"batch_loss":5.204531192779541,"epoch":2}