{"batch_idx":96,"_timestamp":1.7487695588867948e+09,"_runtime":452.012624201,"_step":96,"_wandb":{"runtime":457},"batch_loss":29.752227783203125,"epoch":1}