{"_step":1199,"batch_loss":18.927532196044922,"epoch":5,"batch_idx":238,"_timestamp":1.7487774393846426e+09,"_runtime":7453.748802802,"epoch_average_loss":16.822427949147244,"_wandb":{"runtime":7453}}