{"_timestamp":1.7487695800490847e+09,"_runtime":500.735261716,"_step":508,"_wandb":{"runtime":502},"batch_loss":9.555684089660645,"epoch":1,"batch_idx":508}