{"_timestamp":1.7487767432056532e+09,"_runtime":6801.444897596,"epoch_average_loss":8.09293874141024,"_wandb":{"runtime":6801},"_step":4394,"batch_loss":4.825033664703369,"epoch":5,"batch_idx":877}