{"_timestamp":1.7487849913919334e+09,"_runtime":968.831740367,"epoch":20,"batch_loss":0.37451088428497314,"avg_loss":0.8882416754961013,"_wandb":{"runtime":968},"batch":2390,"learning_rate":0.001,"_step":259}