{"_runtime":3804.764983254,"_step":1757,"batch_loss":14.276053428649902,"epoch":2,"batch_idx":877,"_timestamp":1.748776116360667e+09,"epoch_average_loss":8.87708845225445,"_wandb":{"runtime":3804}}