{"batch_loss":22.431081771850586,"epoch_average_loss":23.149707375211197,"_wandb":{"runtime":4400},"epoch":2,"batch_idx":238,"_timestamp":1.7487769030774932e+09,"_runtime":4400.513014966,"_step":479}