{"batch_idx":82,"_timestamp":1.7487699435486233e+09,"_runtime":364.945875627,"_step":82,"_wandb":{"runtime":368},"batch_loss":57.74422836303711,"epoch":1}