{"epoch":2,"_runtime":1870.571252732,"batch_loss":5.335777282714844,"_step":879,"batch_idx":438,"lr":1e-06,"_timestamp":1.7487826041793137e+09,"epoch_average_loss":4.073803163606648,"_wandb":{"runtime":1870}}