{"_timestamp":1.7487699265102763e+09,"_wandb":{"runtime":334},"_runtime":333.333428572,"_step":308,"batch_loss":12.261149406433105,"epoch":1,"batch_idx":308}