{"batch_idx":1,"_runtime":4.294995379,"_wandb":{"runtime":4},"batch_loss":10.412696838378906,"epoch_average_loss":6.203380584716797,"lr":1e-06,"_timestamp":1.7487806994816265e+09,"_step":8,"epoch":3}